model,accuracy,f1,rocauc
XGBoost_DM01,0.5657844329330246,0.5606323631031636,0.6019583858340068
