model,accuracy,f1,rocauc
XGBoost_DM01,0.5984969619443556,0.5893704006541293,0.6413909580627513
