model,accuracy,f1,rocauc
XGBoost_DM01,0.5134835611377909,0.5109089221056541,0.5161015990709201
