model,accuracy,f1,rocauc
XGBoost_DM01,0.5655912450255827,0.5613204162181558,0.5850356718461984
