model,accuracy,f1,rocauc
XGBoost_DM01,0.5170595129574164,0.5025152592393856,0.5214238919700493
