model,accuracy,f1,rocauc
XGBoost_DM01,0.6764471057884232,0.6634834959518372,0.7376072818260867
