model,accuracy,f1,rocauc
XGBoost_DM01,0.5161255643947538,0.5119279982650184,0.5294614751868596
