model,accuracy,f1,rocauc
XGBoost_DM01,0.5726004293161607,0.5642148049714688,0.6106594437769081
