model,accuracy,f1,rocauc
XGBoost_DM01,0.5000603791812583,0.49573690621193667,0.49759315275612914
