model,accuracy,f1,rocauc
XGBoost_DM01,0.5271325301204819,0.5166502463054188,0.5473925315180354
