model,accuracy,f1,rocauc
XGBoost_DM01,0.4963592233009709,0.48740118577075103,0.48536677944669554
