model,accuracy,f1,rocauc
XGBoost_DM01,0.5851347349718685,0.5806644717150554,0.622406968819911
