model,accuracy,f1,rocauc
XGBoost_DM01,0.509426025773393,0.5025398425685369,0.5142341341584971
