model,accuracy,f1,rocauc
XGBoost_DM01,0.5905155450609996,0.5550566602522985,0.6245367433421724
