model,accuracy,f1,rocauc
XGBoost_DM01,0.5330718677125291,0.5237322953832847,0.5452662839841743
