model,accuracy,f1,rocauc
XGBoost_DM01,0.5020880563178618,0.4936294139060794,0.5039635471653899
