model,accuracy,f1,rocauc
XGBoost_DM01,0.5734253474435803,0.5691473092834951,0.6061245331799184
