model,accuracy,f1,rocauc
XGBoost_DM01,0.6121372031662269,0.60345688880008,0.6499742062918197
