model,accuracy,f1,rocauc
XGBoost_DM01,0.6101873845341779,0.6028502285560635,0.6392625934960031
