model,accuracy,f1,rocauc
XGBoost_DM01,0.5294993793959454,0.5284458450821032,0.5528227606973758
