model,accuracy,f1,rocauc
XGBoost_DM01,0.5128847530422334,0.4974150664697194,0.5084390664160401
