model,accuracy,f1,rocauc
XGBoost_DM01,0.6166826462128475,0.5910392798690671,0.6616066597813187
