model,accuracy,f1,rocauc
XGBoost_DM01,0.6053425751056248,0.5978334193087576,0.6536436439330203
