model,accuracy,f1,rocauc
XGBoost_DM01,0.5289835892006353,0.5161114887831407,0.5370201086310198
