model,accuracy,f1,rocauc
XGBoost_DM01,0.5208309747537643,0.5145658905837825,0.5276704341472154
