model,accuracy,f1,rocauc
XGBoost_DM01,0.5315102938865315,0.5218925421010425,0.5490894917781912
