model,accuracy,f1,rocauc
XGBoost_DM01,0.5217457652983366,0.5121419676214196,0.528801645021179
