model,accuracy,f1,rocauc
XGBoost_DM01,0.5190243132301863,0.5100120627261762,0.5191416534598026
