model,accuracy,f1,rocauc
XGBoost_DM01,0.4970186335403727,0.4828202835611189,0.4970774210449551
