model,accuracy,f1,rocauc
XGBoost_DM01,0.5768571428571428,0.5621365920961859,0.620075331564755
