model,accuracy,f1,rocauc
XGBoost_DM01,0.5234364626211658,0.5198019801980197,0.537528475584683
