model,accuracy,f1,rocauc
XGBoost_DM01,0.5613481965244154,0.5573609059576563,0.58600826248677
