model,accuracy,f1,rocauc
XGBoost_DM01,0.5812222107331196,0.5767435379363199,0.6191364456057801
