model,accuracy,f1,rocauc
XGBoost_DM01,0.5721003134796239,0.5613029315960911,0.6059194369047856
