model,accuracy,f1,rocauc
XGBoost_DM01,0.6212184972179361,0.6169015416627258,0.6790912303136818
