model,accuracy,f1,rocauc
XGBoost_DM01,0.5837068283680464,0.5826063970393867,0.619339073103999
