model,accuracy,f1,rocauc
XGBoost_DM01,0.5911958126425984,0.5795140806184429,0.6340176794875767
