model,accuracy,f1,rocauc
XGBoost_DM01,0.627666817975488,0.6152222352527266,0.6859891742121674
