model,accuracy,f1,rocauc
XGBoost_DM01,0.4996572140853849,0.49343765774861187,0.4936316234595591
