model,accuracy,f1,rocauc
XGBoost_DM01,0.5320231466317283,0.5274623508918925,0.545394814333908
