model,accuracy,f1,rocauc
XGBoost_DM01,0.5684684684684684,0.5642153146322973,0.5994827690955258
