model,accuracy,f1,rocauc
XGBoost_DM01,0.5082700509726412,0.5091211187649279,0.5090540475154418
