model,accuracy,f1,rocauc
XGBoost_DM01,0.5653128430296378,0.5587636856893711,0.601176069347666
