model,accuracy,f1,rocauc
XGBoost_DM01,0.567002140966638,0.5616520180902808,0.6040906285357295
