model,accuracy,f1,rocauc
XGBoost_DM01,0.5884073870908758,0.5792680647452432,0.6409365612976182
