model,accuracy,f1,rocauc
XGBoost_DM01,0.5392717612126895,0.5362277803995595,0.5610054755081013
