model,accuracy,f1,rocauc
XGBoost_DM01,0.6049071506596084,0.594934527911785,0.6560796235011315
