model,accuracy,f1,rocauc
XGBoost_DM01,0.5301008648580068,0.5225592987280853,0.5476336532649594
