model,accuracy,f1,rocauc
XGBoost_DM01,0.5254024411816735,0.5226920955718835,0.5346552025972721
