model,accuracy,f1,rocauc
XGBoost_DM01,0.5290598731370223,0.5232991125804768,0.5445849529919478
