model,accuracy,f1,rocauc
XGBoost_DM01,0.5160499450711395,0.5110121424607096,0.5229985719477643
