model,accuracy,f1,rocauc
XGBoost_DM01,0.5174394956274151,0.504464052628831,0.530509280399783
