model,accuracy,f1,rocauc
XGBoost_DM01,0.5477114954700553,0.5406309751434035,0.5716438533625019
