model,accuracy,f1,rocauc
XGBoost_DM01,0.6136968695492518,0.5770004020908726,0.6447207091755155
