model,accuracy,f1,rocauc
XGBoost_DM01,0.5568565555718691,0.5488078331713879,0.583615143878534
