model,accuracy,f1,rocauc
XGBoost_DM01,0.5275936783074178,0.5170998632010944,0.5432039055576914
