model,accuracy,f1,rocauc
XGBoost_DM01,0.5242948821657768,0.5173187414500684,0.5320289190808779
