model,accuracy,f1,rocauc
XGBoost_DM01,0.6159383165121164,0.6035171228348539,0.6681745141042825
