model,accuracy,f1,rocauc
XGBoost_DM01,0.6243771559984669,0.6098726114649682,0.6880795359927333
