model,accuracy,f1,rocauc
XGBoost_DM01,0.5983568027141368,0.5884225517299154,0.6429526939529728
