model,accuracy,f1,rocauc
XGBoost_DM01,0.5184995846379961,0.5149037532994271,0.5240801986689928
