model,accuracy,f1,rocauc
XGBoost_DM01,0.5157824839329334,0.5054497892748149,0.525147193216226
