model,accuracy,f1,rocauc
XGBoost_DM01,0.5271565495207667,0.5152580284390478,0.5323095597788804
