model,accuracy,f1,rocauc
XGBoost_DM01,0.5097130902570233,0.4984458598726115,0.5141482809807922
