model,accuracy,f1,rocauc
XGBoost_DM01,0.4851657940663176,0.4813642756680731,0.47632595277541323
