model,accuracy,f1,rocauc
XGBoost_DM01,0.6004444704368677,0.5910940866650707,0.6392036971534254
