model,accuracy,f1,rocauc
XGBoost_DM01,0.5174713909797442,0.5077105575326216,0.5310387551493297
