model,accuracy,f1,rocauc
XGBoost_DM01,0.6126599082790248,0.609193302891933,0.6619333435735001
