model,accuracy,f1,rocauc
XGBoost_DM01,0.5150122549019608,0.509907120743034,0.5154620623643841
