model,accuracy,f1,rocauc
XGBoost_DM01,0.5139098881161174,0.5014730966041246,0.5225604675601049
