model,accuracy,f1,rocauc
XGBoost_DM01,0.5796134056459463,0.5672154617036507,0.6165049972568831
