model,accuracy,f1,rocauc
XGBoost_DM01,0.5473038738563364,0.49666317953897765,0.5799164567871007
