model,accuracy,f1,rocauc
XGBoost_DM01,0.522117138131388,0.5207145895363675,0.5303720601540542
