model,accuracy,f1,rocauc
XGBoost_DM01,0.5344533569127771,0.5262549007005591,0.5518204230978174
