model,accuracy,f1,rocauc
XGBoost_DM01,0.5245441119815076,0.523388848660391,0.5398692262258363
