model,accuracy,f1,rocauc
XGBoost_DM01,0.5075130072840791,0.5007173601147776,0.5173437389311077
