model,accuracy,f1,rocauc
XGBoost_DM01,0.7047982205274865,0.6949096880131362,0.7788178869643227
