model,accuracy,f1,rocauc
XGBoost_DM01,0.5162568465213845,0.5106683956147589,0.5341991671189646
