model,accuracy,f1,rocauc
XGBoost_DM01,0.5376680117722018,0.5261521238883015,0.5547115025529064
