model,accuracy,f1,rocauc
XGBoost_DM01,0.48700906344410877,0.4849640350116994,0.4749341754562515
