model,accuracy,f1,rocauc
XGBoost_DM01,0.514253773057574,0.508221460684755,0.522778148276378
