model,accuracy,f1,rocauc
XGBoost_DM01,0.5046486995410144,0.4967117063254813,0.5082644238438926
