model,accuracy,f1,rocauc
XGBoost_DM01,0.6065361591975409,0.5916722632639355,0.6281672743148479
