model,accuracy,f1,rocauc
XGBoost_DM01,0.5618820320490965,0.5574560900011479,0.5806297208450253
