model,accuracy,f1,rocauc
XGBoost_DM01,0.5145236855804268,0.5050419276085342,0.5079629191252302
