model,accuracy,f1,rocauc
XGBoost_DM01,0.6394671107410491,0.6262730882099086,0.7013232062035456
