model,accuracy,f1,rocauc
XGBoost_DM01,0.6032687721747223,0.5818159524247439,0.6595853626940527
