model,accuracy,f1,rocauc
XGBoost_DM01,0.7830562153602534,0.7689713322091062,0.8825831007358538
