model,accuracy,f1,rocauc
XGBoost_DM01,0.5849518968959884,0.5763779527559055,0.6361320526434309
