model,accuracy,f1,rocauc
XGBoost_DM01,0.5079348059189364,0.4972060918154926,0.5008331470925653
