model,accuracy,f1,rocauc
XGBoost_DM01,0.6006955765677644,0.5971491228070175,0.6556491680773294
