model,accuracy,f1,rocauc
XGBoost_DM01,0.6137665312923045,0.6004524399439836,0.6560081373830333
