model,accuracy,f1,rocauc
XGBoost_DM01,0.5302438310942104,0.524903323965091,0.5463805083184539
