model,accuracy,f1,rocauc
XGBoost_DM01,0.5911822660098522,0.5831114683277239,0.6393825007148666
