model,accuracy,f1,rocauc
XGBoost_DM01,0.5374879071267333,0.5338804029899251,0.5546941171216395
