model,accuracy,f1,rocauc
XGBoost_DM01,0.5045112159589438,0.4957034540859309,0.511125152187102
