model,accuracy,f1,rocauc
XGBoost_DM01,0.5656422936535971,0.5600477042337507,0.5973346127494326
