model,accuracy,f1,rocauc
XGBoost_DM01,0.5161335815422802,0.5072526209966969,0.5226745376239832
