model,accuracy,f1,rocauc
XGBoost_DM01,0.53510069099024,0.5302762761131184,0.5492861454142386
