model,accuracy,f1,rocauc
XGBoost_DM01,0.5815830315571651,0.5730574324324325,0.6071701182919504
