model,accuracy,f1,rocauc
XGBoost_DM01,0.5541500221926321,0.5436510941167563,0.5873200573227255
