model,accuracy,f1,rocauc
XGBoost_DM01,0.5344532333034331,0.5195657662206514,0.5444500801658049
