model,accuracy,f1,rocauc
XGBoost_DM01,0.582044384667115,0.5453547915142648,0.6276516949682404
