model,accuracy,f1,rocauc
XGBoost_DM01,0.509985256668007,0.5005464480874318,0.5191961194704469
