model,accuracy,f1,rocauc
XGBoost_DM01,0.5348702563292805,0.5215743598072654,0.5436893299181405
