model,accuracy,f1,rocauc
XGBoost_DM01,0.5122030137746141,0.5074905493069491,0.5239610317201755
