model,accuracy,f1,rocauc
XGBoost_DM01,0.7171145685997171,0.7124784358826912,0.8168486966149172
