model,accuracy,f1,rocauc
XGBoost_DM01,0.5111043811831213,0.5070737913486005,0.5240153643688296
