model,accuracy,f1,rocauc
XGBoost_DM01,0.5748573888709504,0.5735262362340747,0.6202563136649435
