model,accuracy,f1,rocauc
XGBoost_DM01,0.63186719151121,0.6226977723206455,0.6734538508355725
