model,accuracy,f1,rocauc
XGBoost_DM01,0.5155367231638418,0.5028985507246375,0.5187126352246032
