model,accuracy,f1,rocauc
XGBoost_DM01,0.6011319507560109,0.5941060242989868,0.6413725305396984
