model,accuracy,f1,rocauc
XGBoost_DM01,0.5657885917286681,0.5603366363512963,0.5959478711092292
