model,accuracy,f1,rocauc
XGBoost_DM01,0.5099009900990099,0.49987370548118215,0.5231324512467385
