model,accuracy,f1,rocauc
XGBoost_DM01,0.5061549601737871,0.49712431794720546,0.5146712447553405
