model,accuracy,f1,rocauc
XGBoost_DM01,0.47820176716186036,0.4605500903433045,0.4777113269161736
