model,accuracy,f1,rocauc
XGBoost_DM01,0.5885307813588531,0.5824838157601012,0.6252061933276043
