model,accuracy,f1,rocauc
XGBoost_DM01,0.5363545816733067,0.5213367609254499,0.5591032989084425
