model,accuracy,f1,rocauc
XGBoost_DM01,0.5749529190207157,0.5694391453643648,0.6231529036441967
