model,accuracy,f1,rocauc
XGBoost_DM01,0.5200589970501475,0.5152172987698463,0.5252303566643967
