model,accuracy,f1,rocauc
XGBoost_DM01,0.631392747515738,0.628804945774611,0.6882075585595826
