model,accuracy,f1,rocauc
XGBoost_DM01,0.5637881110543349,0.5559216230275708,0.5863693044927417
