model,accuracy,f1,rocauc
XGBoost_DM01,0.5206997863247863,0.49585615957297374,0.52948347913579
