model,accuracy,f1,rocauc
XGBoost_DM01,0.5112276103101792,0.5056557087310003,0.5123270082745759
