model,accuracy,f1,rocauc
XGBoost_DM01,0.44412981921150074,0.4338952972493345,0.42217353374617256
