model,accuracy,f1,rocauc
XGBoost_DM01,0.5331848552338531,0.5242850658193374,0.5527300826529353
