model,accuracy,f1,rocauc
XGBoost_DM01,0.5434495433921085,0.537391607984636,0.563309520777935
