model,accuracy,f1,rocauc
XGBoost_DM01,0.50700491465628,0.5010422901488102,0.5166881760584908
