model,accuracy,f1,rocauc
XGBoost_DM01,0.6136589130195127,0.606832332978067,0.6570795221837356
