model,accuracy,f1,rocauc
XGBoost_DM01,0.6032464076636509,0.5890297684674752,0.6452784204876345
