model,accuracy,f1,rocauc
XGBoost_DM01,0.5540044085231447,0.5414463292356295,0.5889603276331009
