model,accuracy,f1,rocauc
XGBoost_DM01,0.4976386776594893,0.48532064949975395,0.49395327225880953
