model,accuracy,f1,rocauc
XGBoost_DM01,0.5141772983955302,0.5002458814851242,0.528268181110478
