model,accuracy,f1,rocauc
XGBoost_DM01,0.506379314843322,0.4990865524636607,0.5144866963019571
