model,accuracy,f1,rocauc
XGBoost_DM01,0.519155206286837,0.5089449924761745,0.5265187132297384
