model,accuracy,f1,rocauc
XGBoost_DM01,0.6261216350947159,0.6181262729124237,0.6915236781057515
