model,accuracy,f1,rocauc
XGBoost_DM01,0.5308482101563222,0.5196059859821935,0.5399968193547711
