model,accuracy,f1,rocauc
XGBoost_DM01,0.5310031901384458,0.5260044136290362,0.5433062433962293
