model,accuracy,f1,rocauc
XGBoost_DM01,0.5086091019650515,0.5082943700762185,0.5114782582312692
