model,accuracy,f1,rocauc
XGBoost_DM01,0.5588527193330687,0.5434001027221366,0.5893492219811727
