model,accuracy,f1,rocauc
XGBoost_DM01,0.5719938843421171,0.562712487365616,0.613174649716552
