model,accuracy,f1,rocauc
XGBoost_DM01,0.5042201536081635,0.5042605156037993,0.5036891744403262
