model,accuracy,f1,rocauc
XGBoost_DM01,0.5363333917002276,0.5257030270463907,0.5536552613082573
