model,accuracy,f1,rocauc
XGBoost_DM01,0.474025974025974,0.4667423382519864,0.46325074016414836
