model,accuracy,f1,rocauc
XGBoost_DM01,0.4603947921041579,0.4367876556198492,0.4474395640055237
