model,accuracy,f1,rocauc
XGBoost_DM01,0.5578947368421052,0.5479285134037367,0.5876710755583716
