model,accuracy,f1,rocauc
XGBoost_DM01,0.5982829547487033,0.593631264700561,0.6566951181352181
