model,accuracy,f1,rocauc
XGBoost_DM01,0.49821339537975734,0.49500313610704577,0.49096944971389134
