model,accuracy,f1,rocauc
XGBoost_DM01,0.5310865983812048,0.5287575583069392,0.5467995065881988
