model,accuracy,f1,rocauc
XGBoost_DM01,0.5066092235386273,0.5012372562605166,0.5192164450561368
