model,accuracy,f1,rocauc
XGBoost_DM01,0.5496140741255824,0.54287529112852,0.574370020162003
