model,accuracy,f1,rocauc
XGBoost_DM01,0.5873647771527477,0.5750445632798573,0.6357355160166562
