model,accuracy,f1,rocauc
XGBoost_DM01,0.5247223294309361,0.5168069058726076,0.534100759395008
