model,accuracy,f1,rocauc
XGBoost_DM01,0.5020033544539695,0.4986162577982081,0.5057279806301935
