model,accuracy,f1,rocauc
XGBoost_DM01,0.5563109665976943,0.5494618584108744,0.5917391191012458
