model,accuracy,f1,rocauc
XGBoost_DM01,0.4885962647387899,0.4816817864619679,0.4823408192178746
