model,accuracy,f1,rocauc
XGBoost_DM01,0.5512505874366874,0.5487292585591264,0.5799435660220202
