model,accuracy,f1,rocauc
XGBoost_DM01,0.629115744069015,0.6149137866686571,0.6986810528750328
