model,accuracy,f1,rocauc
XGBoost_DM01,0.5506982392228293,0.5388176638176638,0.5808365701311551
