model,accuracy,f1,rocauc
XGBoost_DM01,0.629086983343615,0.6111560226354082,0.6903920477802147
