model,accuracy,f1,rocauc
XGBoost_DM01,0.5128627731995701,0.5099480968858132,0.5208119867516936
