model,accuracy,f1,rocauc
XGBoost_DM01,0.7236597569692638,0.7140955479958585,0.8072913950317335
