model,accuracy,f1,rocauc
XGBoost_DM01,0.705301829707535,0.6905212194568424,0.7781668846454352
