model,accuracy,f1,rocauc
XGBoost_DM01,0.5602249648492423,0.5485888389993585,0.5925767088355375
