model,accuracy,f1,rocauc
XGBoost_DM01,0.5344760722872877,0.527029156816391,0.5401105087608129
