model,accuracy,f1,rocauc
XGBoost_DM01,0.502820411911321,0.4933832375350889,0.5040365036375777
