model,accuracy,f1,rocauc
XGBoost_DM01,0.5121884038011293,0.5057214624616244,0.5210570386255329
