model,accuracy,f1,rocauc
XGBoost_DM01,0.586577868852459,0.5711248892825509,0.6285515595420366
