model,accuracy,f1,rocauc
XGBoost_DM01,0.5478565861262665,0.5459810597166784,0.566653165474318
