model,accuracy,f1,rocauc
XGBoost_DM01,0.560796645702306,0.549193066347878,0.5867146360419475
