model,accuracy,f1,rocauc
XGBoost_DM01,0.5548232063165122,0.5433159599943654,0.5747644468488854
