model,accuracy,f1,rocauc
XGBoost_DM01,0.5612665684830633,0.559254327563249,0.588913318779664
