model,accuracy,f1,rocauc
XGBoost_DM01,0.5485885885885886,0.5393478793822015,0.5611768393269168
