model,accuracy,f1,rocauc
XGBoost_DM01,0.5434182762538549,0.5279409296861889,0.5573372626970235
