model,accuracy,f1,rocauc
XGBoost_DM01,0.5395853738165197,0.5339942172655927,0.5521482720917443
