model,accuracy,f1,rocauc
XGBoost_DM01,0.5319223165484359,0.5199761478831246,0.5399393342483909
