model,accuracy,f1,rocauc
XGBoost_DM01,0.5318745441283734,0.5280882352941176,0.5394168284930947
