model,accuracy,f1,rocauc
XGBoost_DM01,0.48447402403893913,0.48474017592978697,0.4805507262659239
