model,accuracy,f1,rocauc
XGBoost_DM01,0.46854073147398634,0.4649577715217069,0.46523332422199415
