model,accuracy,f1,rocauc
XGBoost_DM01,0.6152474364690147,0.5965404394576905,0.6607405476925545
