model,accuracy,f1,rocauc
XGBoost_DM01,0.4911096766621677,0.48331744518589137,0.4841232827880005
