model,accuracy,f1,rocauc
XGBoost_DM01,0.604676494081766,0.5973968347877532,0.6534150666851002
