model,accuracy,f1,rocauc
XGBoost_DM01,0.6212528426710772,0.6113703860840052,0.6788699750199583
