model,accuracy,f1,rocauc
XGBoost_DM01,0.5610507778103904,0.5528479593362235,0.588323372028061
