model,accuracy,f1,rocauc
XGBoost_DM01,0.5169102296450939,0.5090622537431048,0.5189030731222687
