model,accuracy,f1,rocauc
XGBoost_DM01,0.5188534051558291,0.4587751568924476,0.5489210554512107
