model,accuracy,f1,rocauc
XGBoost_DM01,0.549320652173913,0.5454296286144991,0.5741161353999555
