model,accuracy,f1,rocauc
XGBoost_DM01,0.5848595848595849,0.5720040281973817,0.6277033456426304
