model,accuracy,f1,rocauc
XGBoost_DM01,0.5266992970963824,0.5195203048529906,0.5380622611541944
