model,accuracy,f1,rocauc
XGBoost_DM01,0.5358552867705119,0.5329721921271217,0.5481248050884788
