model,accuracy,f1,rocauc
XGBoost_DM01,0.5196850393700787,0.5064332139541052,0.5271626686296403
