model,accuracy,f1,rocauc
XGBoost_DM01,0.5190730106644791,0.5107856636208119,0.5337636067803463
