model,accuracy,f1,rocauc
XGBoost_DM01,0.49392567033283014,0.4935251798561151,0.4914697596640548
