model,accuracy,f1,rocauc
XGBoost_DM01,0.519898308399335,0.5084100921105327,0.5251039078735605
