model,accuracy,f1,rocauc
XGBoost_DM01,0.5189100459619173,0.5097356975577116,0.5170566474490467
