model,accuracy,f1,rocauc
XGBoost_DM01,0.7107208387942333,0.7053294884118338,0.8144139422522066
