model,accuracy,f1,rocauc
XGBoost_DM01,0.5276412488882648,0.5170614979660205,0.5333745859002075
