model,accuracy,f1,rocauc
XGBoost_DM01,0.7258368540786481,0.721473851030111,0.8254712040281231
