model,accuracy,f1,rocauc
XGBoost_DM01,0.6056406384814496,0.5990460003289655,0.6540181528814439
