model,accuracy,f1,rocauc
XGBoost_DM01,0.5782451051486585,0.5459088069956277,0.6114302874511698
