model,accuracy,f1,rocauc
XGBoost_DM01,0.5539590339345766,0.5465658344556096,0.5752018824471546
