model,accuracy,f1,rocauc
XGBoost_DM01,0.5576272756751749,0.562461341091842,0.5866780269049863
