model,accuracy,f1,rocauc
XGBoost_DM01,0.5199508215044149,0.5032959407887128,0.5270410639641642
