model,accuracy,f1,rocauc
XGBoost_DM01,0.5585112205801861,0.5520382094857271,0.585682366600623
