model,accuracy,f1,rocauc
XGBoost_DM01,0.5553100781883771,0.5498637221329233,0.5827324681566439
