model,accuracy,f1,rocauc
XGBoost_DM01,0.562070410729254,0.5512176265945111,0.5896992288606825
