model,accuracy,f1,rocauc
XGBoost_DM01,0.5397763835263836,0.530620616104024,0.5572449858179405
