model,accuracy,f1,rocauc
XGBoost_DM01,0.6133760879523591,0.59636537541846,0.6596855949976631
