model,accuracy,f1,rocauc
XGBoost_DM01,0.5143458804948671,0.4994574064026044,0.524506045025014
