model,accuracy,f1,rocauc
XGBoost_DM01,0.5570030562158491,0.5541401273885351,0.5869819198213487
