model,accuracy,f1,rocauc
XGBoost_DM01,0.531374448390916,0.5333833458364592,0.5509137815025514
