model,accuracy,f1,rocauc
XGBoost_DM01,0.5181907571288102,0.5104396052524264,0.5307556228662401
