model,accuracy,f1,rocauc
XGBoost_DM01,0.5323726405520601,0.5228825843860012,0.5427093889880372
