model,accuracy,f1,rocauc
XGBoost_DM01,0.5287041028253459,0.5238905823205733,0.536705070836211
