model,accuracy,f1,rocauc
XGBoost_DM01,0.6284249767008387,0.6226575809199318,0.6818279590656884
