model,accuracy,f1,rocauc
XGBoost_DM01,0.5246672511357297,0.525838766099539,0.533910489545487
