model,accuracy,f1,rocauc
XGBoost_DM01,0.48882410106899904,0.47219036697247707,0.4795098053608254
