model,accuracy,f1,rocauc
XGBoost_DM01,0.6848936757801712,0.6674438939084816,0.7630991685856707
