model,accuracy,f1,rocauc
XGBoost_DM01,0.5333748572614969,0.5177556056217144,0.5428409784364371
