model,accuracy,f1,rocauc
XGBoost_DM01,0.6017380109430318,0.5920211012199144,0.6449247386967214
