model,accuracy,f1,rocauc
XGBoost_DM01,0.5686014267769536,0.5608261352120831,0.5980340508342582
