model,accuracy,f1,rocauc
XGBoost_DM01,0.5855440826052423,0.5706763205529043,0.6216980962840296
