model,accuracy,f1,rocauc
XGBoost_DM01,0.599676052828308,0.5925691098148618,0.6368927442818723
