model,accuracy,f1,rocauc
XGBoost_DM01,0.5140239764759105,0.5042113764855198,0.5181311257522034
