model,accuracy,f1,rocauc
XGBoost_DM01,0.499554186593175,0.49443170651817886,0.5040927266457121
