model,accuracy,f1,rocauc
XGBoost_DM01,0.5079655461544325,0.5030920428010572,0.5138267498378086
