model,accuracy,f1,rocauc
XGBoost_DM01,0.597276665978956,0.5633109619686801,0.624138131219184
