model,accuracy,f1,rocauc
XGBoost_DM01,0.5386795971652368,0.5322239031770045,0.5627066270921449
