model,accuracy,f1,rocauc
XGBoost_DM01,0.6644554149953718,0.656777655041818,0.7373148490701751
