model,accuracy,f1,rocauc
DeepDeltaClassifier5,0.4958005022079834,0.4929025515980145,0.5013379747159992
