model,accuracy,f1,rocauc
DeepDeltaClassifier5,0.5473909613434014,0.5333488264001859,0.5750151591918624
