model,accuracy,f1,rocauc
DeepDeltaClassifier5,0.6246693121693122,0.6224218230206253,0.6810194840568209
