model,accuracy,f1,rocauc
DeepDeltaClassifier5,0.5290531359507974,0.5244362599072019,0.5433871252708119
