model,accuracy,f1,rocauc
DeepDeltaClassifier5,0.5135202271114265,0.5118051351447599,0.5189682430335469
