model,accuracy,f1,rocauc
DeepDeltaClassifier5,0.6149862437287587,0.6113380166639438,0.6619303056886316
