model,accuracy,f1,rocauc
DeepDeltaClassifier5,0.4980619249988325,0.49056782633424967,0.4911316073336642
