model,accuracy,f1,rocauc
DeepDeltaClassifier5,0.561173904421971,0.5480906677557689,0.5915566833710785
