model,accuracy,f1,rocauc
DeepDeltaClassifier5,0.5302465023317788,0.528203412512546,0.5409020596425111
