model,accuracy,f1,rocauc
DeepDeltaClassifier5,0.4954089075774479,0.48905109489051096,0.4948806239353492
