model,accuracy,f1,rocauc
DeepDeltaClassifier5,0.5556576047024246,0.5452722601666771,0.5824886890366743
