model,accuracy,f1,rocauc
DeepDeltaClassifier5,0.4791285403050109,0.4794007490636704,0.46731294238647214
