model,accuracy,f1,rocauc
DeepDeltaClassifier5,0.5769109286165508,0.5750991276764472,0.6331838368583698
