model,accuracy,f1,rocauc
DeepDeltaClassifier5,0.5233398132814937,0.5151478163220466,0.5349418825786906
