model,accuracy,f1,rocauc
DeepDeltaClassifier5,0.5187273866553473,0.5105053246165865,0.5287148078712184
