model,accuracy,f1,rocauc
DeepDeltaClassifier5,0.5088847792876096,0.501550514117839,0.5125336597262864
