model,accuracy,f1,rocauc
DeepDeltaClassifier5,0.5462683347713546,0.5237178761462696,0.5780006215648315
