model,accuracy,f1,rocauc
DeepDeltaClassifier5,0.6082755568667945,0.6070292267850536,0.6649506220706589
