model,accuracy,f1,rocauc
DeepDeltaClassifier5,0.6198971877834896,0.6133497385419872,0.6979109635326992
