model,accuracy,f1,rocauc
DeepDeltaClassifier5,0.5388902964276666,0.5406746866324557,0.5645473387457403
