model,accuracy,f1,rocauc
DeepDeltaClassifier5,0.5516626693459519,0.5047792933089893,0.5828279518924706
