model,accuracy,f1,rocauc
DeepDeltaClassifier5,0.54164458788959,0.533601294054213,0.5641444188399098
