model,accuracy,f1,rocauc
DeepDeltaClassifier5,0.5181388757675957,0.5082196403606035,0.5243541111350585
