model,accuracy,f1,rocauc
DeepDeltaClassifier5,0.585736595523165,0.5800527704485487,0.6291051929005709
