model,accuracy,f1,rocauc
DeepDeltaClassifier5,0.5553122126556884,0.5493298995272868,0.5858065725944155
