model,accuracy,f1,rocauc
DeepDeltaClassifier5,0.5482272207396112,0.483435047951177,0.5658298739690247
