model,accuracy,f1,rocauc
DeepDeltaClassifier5,0.47529477821448624,0.46958660486235926,0.4641109757933752
