model,accuracy,f1,rocauc
DeepDeltaClassifier5,0.4916568451088642,0.48591681826736083,0.48879555623807236
