model,accuracy,f1,rocauc
DeepDeltaClassifier5,0.7031006654396149,0.6930171277997365,0.7932595554033752
