model,accuracy,f1,rocauc
DeepDeltaClassifier5,0.5148273670832451,0.5080012887981956,0.5284751907921594
