model,accuracy,f1,rocauc
DeepDeltaClassifier5,0.49204328453214513,0.4838292367399741,0.4835863679286132
