model,accuracy,f1,rocauc
DeepDeltaClassifier5,0.5007891020848908,0.4917977338068662,0.5044813282135415
