model,accuracy,f1,rocauc
DeepDeltaClassifier5,0.5382591536943653,0.5357142857142858,0.5600722018868398
