model,accuracy,f1,rocauc
DeepDeltaClassifier5,0.5639943741209564,0.5623014472290858,0.5993168205721301
