model,accuracy,f1,rocauc
DeepDeltaClassifier5,0.5002683683206107,0.4994474478062184,0.5026602172751106
