model,accuracy,f1,rocauc
DeepDeltaClassifier5,0.5936519215964944,0.5837680456144607,0.6472531737099252
