model,accuracy,f1,rocauc
DeepDeltaClassifier5,0.6099146294140474,0.5920665516891549,0.6687883337552988
