model,accuracy,f1,rocauc
DeepDeltaClassifier5,0.5813145625742755,0.5700337964701464,0.6209764146774543
