model,accuracy,f1,rocauc
DeepDeltaClassifier5,0.5470687962880343,0.5435251798561151,0.5821988562925153
