model,accuracy,f1,rocauc
DeepDeltaClassifier5,0.5133837649112598,0.4978985289702792,0.5199101706481056
