model,accuracy,f1,rocauc
DeepDeltaClassifier5,0.5213503061553335,0.5150599951024407,0.5372629806955425
