model,accuracy,f1,rocauc
DeepDeltaClassifier5,0.5415091080100581,0.5354906460269924,0.5580606361444959
