model,accuracy,f1,rocauc
DeepDeltaClassifier5,0.49851543942992876,0.49152959851117983,0.4939137872313336
