model,accuracy,f1,rocauc
DeepDeltaClassifier5,0.5396006496608389,0.5310888391553955,0.5513878569309238
