model,accuracy,f1,rocauc
DeepDeltaClassifier5,0.5252246615857127,0.5234221118437955,0.5352037949127841
