model,accuracy,f1,rocauc
DeepDeltaClassifier5,0.5080523942452222,0.49587413356804927,0.5116451090839468
