model,accuracy,f1,rocauc
DeepDeltaClassifier5,0.5267198110422202,0.5191961607678464,0.5312010667017434
