model,accuracy,f1,rocauc
DeepDeltaClassifier5,0.5432806324110672,0.5345417925478348,0.5640704846317035
