model,accuracy,f1,rocauc
DeepDeltaClassifier5,0.4997849462365591,0.4904337666131153,0.5103609462122956
