model,accuracy,f1,rocauc
DeepDeltaClassifier5,0.5114856801909308,0.5067028166892604,0.518490702560664
