model,accuracy,f1,rocauc
DeepDeltaClassifier5,0.4836517502243877,0.48174681480845954,0.47812315803782296
