model,accuracy,f1,rocauc
DeepDeltaClassifier5,0.5553037171350861,0.5403717007652663,0.596545998101496
