model,accuracy,f1,rocauc
DeepDeltaClassifier5,0.49883332282272813,0.49750237116661394,0.5043704821048518
