model,accuracy,f1,rocauc
DeepDeltaClassifier5,0.5565721410638764,0.5514326134756005,0.5813291788434456
