model,accuracy,f1,rocauc
DeepDeltaClassifier5,0.5574805699481865,0.551857014019841,0.5820525091513067
