model,accuracy,f1,rocauc
DeepDeltaClassifier5,0.512075603780189,0.5074204946996467,0.5292474982228349
