model,accuracy,f1,rocauc
DeepDeltaClassifier5,0.5224996765428904,0.5178333463980559,0.5372172102321953
