model,accuracy,f1,rocauc
DeepDeltaClassifier5,0.5211239799947355,0.5190032388128759,0.5297845487251883
