model,accuracy,f1,rocauc
DeepDeltaClassifier5,0.4815191227600963,0.4680897766558745,0.4779603827419533
