model,accuracy,f1,rocauc
DeepDeltaClassifier5,0.5332599465324737,0.5257270693512306,0.5484544361445263
