model,accuracy,f1,rocauc
DeepDeltaClassifier5,0.5190533058299859,0.511756061719324,0.5260735505470999
