model,accuracy,f1,rocauc
DeepDeltaClassifier5,0.5859297315213788,0.5774207188160677,0.6206974428430495
