model,accuracy,f1,rocauc
DeepDeltaClassifier5,0.5322698490014612,0.5238626503037064,0.5368799069642082
