model,accuracy,f1,rocauc
DeepDeltaClassifier5,0.6815403422982885,0.6756588503838971,0.7718749666508369
