model,accuracy,f1,rocauc
DeepDeltaClassifier5,0.5661375661375662,0.5623438564615035,0.5823052296268879
