model,accuracy,f1,rocauc
DeepDeltaClassifier5,0.5150134736301809,0.5088049905776852,0.5220932502092479
