model,accuracy,f1,rocauc
DeepDeltaClassifier5,0.4817813765182186,0.4793491864831039,0.47397144430062377
