model,accuracy,f1,rocauc
DeepDeltaClassifier5,0.5600124056652538,0.5555555555555556,0.5858129932487283
