model,accuracy,f1,rocauc
DeepDeltaClassifier5,0.5089563862928349,0.5020641131492982,0.5123875963545222
