model,accuracy,f1,rocauc
DeepDeltaClassifier5,0.5691330562547562,0.5637834474175483,0.599026815860249
