model,accuracy,f1,rocauc
DeepDeltaClassifier5,0.5749694794865154,0.5676438490196816,0.6182526000856698
