model,accuracy,f1,rocauc
DeepDeltaClassifier5,0.5657479979553587,0.5564040641385462,0.5944994014047075
