model,accuracy,f1,rocauc
DeepDeltaClassifier5,0.5875950694990821,0.5809088082441255,0.6395854794613105
