model,accuracy,f1,rocauc
DeepDeltaClassifier5,0.5351260246686586,0.5263075722092115,0.5551948810522778
