model,accuracy,f1,rocauc
DeepDeltaClassifier5,0.7725994615614717,0.7686971338161018,0.88106781516565
