model,accuracy,f1,rocauc
DeepDeltaClassifier5,0.5958922379301147,0.577876845918083,0.6406059395202146
