model,accuracy,f1,rocauc
DeepDeltaClassifier5,0.5247882365883173,0.5226263928538539,0.53899412401225
