model,accuracy,f1,rocauc
DeepDeltaClassifier5,0.5176782442599306,0.5149555058998785,0.5258153911445126
