model,accuracy,f1,rocauc
DeepDeltaClassifier5,0.6535107039027398,0.6244629046118592,0.7143107298647435
