model,accuracy,f1,rocauc
DeepDeltaClassifier5,0.5268936453365864,0.5237776289350301,0.5493941024261523
