model,accuracy,f1,rocauc
DeepDeltaClassifier5,0.5476229463457235,0.5427562617234911,0.5659720261590022
