model,accuracy,f1,rocauc
DeepDeltaClassifier5,0.6476539333682191,0.6395431834403996,0.7170167922059434
