model,accuracy,f1,rocauc
DeepDeltaClassifier5,0.4876233201659487,0.4820611606067903,0.4779407433861013
