model,accuracy,f1,rocauc
DeepDeltaClassifier5,0.4939329381252316,0.4808779514466246,0.4945504954955202
