model,accuracy,f1,rocauc
DeepDeltaClassifier5,0.5294733535755418,0.5175005368262829,0.5360102448882919
