model,accuracy,f1,rocauc
DeepDeltaClassifier5,0.5077979772519613,0.4966166140362183,0.5170840044566241
