model,accuracy,f1,rocauc
DeepDeltaClassifier5,0.5750647595449938,0.5696361355081557,0.6043479302419043
