model,accuracy,f1,rocauc
DeepDeltaClassifier5,0.5202615318292858,0.5069049553208773,0.5348928978496089
