model,accuracy,f1,rocauc
DeepDeltaClassifier5,0.5302810954276752,0.5279747832939322,0.5357575801447271
