model,accuracy,f1,rocauc
DeepDeltaClassifier5,0.5270896273917421,0.5171704709027349,0.5445163998299126
