model,accuracy,f1,rocauc
DeepDeltaClassifier5,0.4985502823134442,0.49077948241128155,0.49920796734348993
