model,accuracy,f1,rocauc
DeepDeltaClassifier5,0.623061313233802,0.6090943254415633,0.6953206291928515
