model,accuracy,f1,rocauc
DeepDeltaClassifier5,0.5841949778434269,0.5720800608056751,0.6449373941902334
