model,accuracy,f1,rocauc
DeepDeltaClassifier5,0.5947712418300654,0.583388411544393,0.6395069961239401
