model,accuracy,f1,rocauc
DeepDeltaClassifier5,0.5916582576522031,0.5731364275668072,0.6371781663688414
