model,accuracy,f1,rocauc
DeepDeltaClassifier5,0.5044102691820767,0.5025933717999458,0.5131335764526205
