model,accuracy,f1,rocauc
DeepDeltaClassifier5,0.5587482510323175,0.549163179916318,0.584133891776323
