model,accuracy,f1,rocauc
DeepDeltaClassifier5,0.6272807969227735,0.6235680844705648,0.6916997449501034
