model,accuracy,f1,rocauc
DeepDeltaClassifier5,0.6102066853789232,0.5990340700299228,0.6594582427362607
