model,accuracy,f1,rocauc
DeepDeltaClassifier5,0.5888418079096045,0.561398222088293,0.6257391408806942
