model,accuracy,f1,rocauc
DeepDeltaClassifier5,0.5635494472662086,0.5570648878107943,0.5911228110157923
