model,accuracy,f1,rocauc
DeepDeltaClassifier5,0.520695652173913,0.5137614678899082,0.551682382985285
