model,accuracy,f1,rocauc
DeepDeltaClassifier5,0.6483180428134556,0.6340909090909091,0.7066570576464544
