model,accuracy,f1,rocauc
DeepDeltaClassifier5,0.5079383341003222,0.5052250028920681,0.5116832778318386
