model,accuracy,f1,rocauc
DeepDeltaClassifier5,0.5443377993251876,0.5359466221851542,0.5666204506499414
