model,accuracy,f1,rocauc
DeepDeltaClassifier5,0.5274109405276495,0.5122904168589448,0.5357791574362049
