model,accuracy,f1,rocauc
DeepDeltaClassifier5,0.5386085157852297,0.5335223748338502,0.5599979161714906
