model,accuracy,f1,rocauc
DeepDeltaClassifier5,0.516915172032942,0.5074181070361846,0.5232259373149765
