model,accuracy,f1,rocauc
DeepDeltaClassifier5,0.49484960857025134,0.4877437325905292,0.4937557267143855
