model,accuracy,f1,rocauc
DeepDeltaClassifier5,0.503344030231233,0.4969928922908693,0.505387965856095
