model,accuracy,f1,rocauc
DeepDeltaClassifier5,0.588736324252882,0.5737118502169115,0.632323109661526
