model,accuracy,f1,rocauc
DeepDeltaClassifier5,0.5383034928089228,0.5242703765310751,0.5686265276530956
