model,accuracy,f1,rocauc
DeepDeltaClassifier5,0.5179847253017985,0.5156578784503033,0.5268404850632282
