model,accuracy,f1,rocauc
DeepDeltaClassifier5,0.5533989109432637,0.5466702326825355,0.5836235108450264
