model,accuracy,f1,rocauc
DeepDeltaClassifier5,0.7236448287329564,0.7101499825601674,0.8060763098101578
