model,accuracy,f1,rocauc
DeepDeltaClassifier5,0.6188439447635341,0.5941444372153547,0.6662797894646795
