model,accuracy,f1,rocauc
DeepDeltaClassifier5,0.5091005477999646,0.5063965884861408,0.5178765498200377
