model,accuracy,f1,rocauc
DeepDeltaClassifier5,0.5204923201089561,0.5117867597966206,0.5284004835597211
