model,accuracy,f1,rocauc
DeepDeltaClassifier5,0.606538965495726,0.5937379203710862,0.6633523263491055
