model,accuracy,f1,rocauc
DeepDeltaClassifier5,0.5130859936727064,0.5036646144825564,0.5224215729330819
