model,accuracy,f1,rocauc
DeepDeltaClassifier5,0.7966373098478783,0.7924836601307189,0.903774406168387
