model,accuracy,f1,rocauc
DeepDeltaClassifier5,0.5986085395275768,0.5840697674418606,0.6635951031656613
