model,accuracy,f1,rocauc
DeepDeltaClassifier5,0.515564334854574,0.5075474311037252,0.5312745819329644
