model,accuracy,f1,rocauc
DeepDeltaClassifier5,0.4998874887488749,0.4910111072941715,0.50728139718351
