model,accuracy,f1,rocauc
DeepDeltaClassifier5,0.6234021183345507,0.6218483542679014,0.6725751877080546
