model,accuracy,f1,rocauc
DeepDeltaClassifier5,0.503961673115902,0.49771433902416273,0.5085779268547254
