model,accuracy,f1,rocauc
DeepDeltaClassifier5,0.4772666843924488,0.4554016620498615,0.4766513582177057
