model,accuracy,f1,rocauc
DeepDeltaClassifier5,0.564591014611498,0.5556407219009128,0.5925732418616134
