model,accuracy,f1,rocauc
DeepDeltaClassifier5,0.5729017415696325,0.5660980810234542,0.605327125373948
