model,accuracy,f1,rocauc
DeepDeltaClassifier5,0.5724562444378523,0.5595538238215295,0.5999953324086449
