model,accuracy,f1,rocauc
DeepDeltaClassifier5,0.5285979592262587,0.5259270140389902,0.5402839865167486
