model,accuracy,f1,rocauc
DeepDeltaClassifier5,0.5576124989828302,0.5475050980065753,0.5917363394034646
