model,accuracy,f1,rocauc
DeepDeltaClassifier5,0.5004355400696864,0.5125371865703358,0.5027145044747809
