model,accuracy,f1,rocauc
DeepDeltaClassifier5,0.5403164147503382,0.5300625300625301,0.5603927444523212
