model,accuracy,f1,rocauc
DeepDeltaClassifier5,0.5119848860550242,0.4960370686501646,0.5139184876018251
