model,accuracy,f1,rocauc
DeepDeltaClassifier5,0.5413799694189603,0.5237669941450828,0.569841954252984
