model,accuracy,f1,rocauc
DeepDeltaClassifier5,0.5443087066123715,0.5319968135953267,0.5635728958547797
