model,accuracy,f1,rocauc
DeepDeltaClassifier5,0.5172983579469173,0.5050825921219821,0.5222558177148896
