model,accuracy,f1,rocauc
DeepDeltaClassifier5,0.6065138246580734,0.6000920018400367,0.646099992481283
