model,accuracy,f1,rocauc
DeepDeltaClassifier5,0.5028024369016536,0.4922858158549591,0.5045578221038111
