model,accuracy,f1,rocauc
DeepDeltaClassifier5,0.5506845619477979,0.5395355266795687,0.5805622365048771
