model,accuracy,f1,rocauc
DeepDeltaClassifier5,0.48582800627186107,0.47220502661879415,0.48286580965260495
