model,accuracy,f1,rocauc
DeepDeltaClassifier5,0.6131558339859045,0.6052736715940871,0.7007505062629142
