model,accuracy,f1,rocauc
DeepDeltaClassifier5,0.5231021238138274,0.5202568327745896,0.5392008698079642
