model,accuracy,f1,rocauc
DeepDeltaClassifier5,0.5167241491507777,0.5106095551894563,0.5230700909903744
