model,accuracy,f1,rocauc
DeepDeltaClassifier5,0.6742256103444948,0.6708910118931567,0.7562624038324183
