model,accuracy,f1,rocauc
DeepDeltaClassifier5,0.4809034291288362,0.47085819183111516,0.4728316428213028
