model,accuracy,f1,rocauc
DeepDeltaClassifier5,0.5165140614780902,0.5119656709027892,0.5275501271903504
