model,accuracy,f1,rocauc
DeepDeltaClassifier5,0.5839925546765937,0.531446540880503,0.6124757146822093
