model,accuracy,f1,rocauc
DeepDeltaClassifier5,0.6142407277816655,0.6045788750074721,0.6657257319339577
