model,accuracy,f1,rocauc
DeepDeltaClassifier5,0.6231958762886598,0.6007646095030038,0.7022796549329757
