model,accuracy,f1,rocauc
DeepDeltaClassifier5,0.5306292375401451,0.5218128938439167,0.5394818261768333
