model,accuracy,f1,rocauc
DeepDeltaClassifier5,0.5403130537507383,0.5315274642588413,0.5615452069867267
