model,accuracy,f1,rocauc
DeepDeltaClassifier5,0.5539507221750213,0.5400385491501665,0.5820220502466228
