model,accuracy,f1,rocauc
DeepDeltaClassifier5,0.5183262064752596,0.503463476070529,0.5269465291355366
