model,accuracy,f1,rocauc
DeepDeltaClassifier5,0.6721402727525745,0.6643874643874643,0.739412010993258
