model,accuracy,f1,rocauc
DeepDeltaClassifier5,0.520953552171034,0.5045979260418705,0.5344334251732277
