model,accuracy,f1,rocauc
DeepDeltaClassifier5,0.5059237078505403,0.49927431059506533,0.5072648971902702
