model,accuracy,f1,rocauc
DeepDeltaClassifier5,0.5922228610254534,0.5822893243387943,0.6298087447631419
