model,accuracy,f1,rocauc
DeepDeltaClassifier5,0.5416962583635481,0.5308948999502621,0.5581053963844488
