model,accuracy,f1,rocauc
DeepDeltaClassifier5,0.5977048390979857,0.5868974042027194,0.6578782213189411
