model,accuracy,f1,rocauc
DeepDeltaClassifier5,0.5402615278733655,0.5051851851851851,0.560480458307901
