model,accuracy,f1,rocauc
DeepDeltaClassifier5,0.5641500694766095,0.5502342032310487,0.5934759441580968
