model,accuracy,f1,rocauc
DeepDeltaClassifier5,0.5245808698469264,0.5172697368421053,0.5371163429368147
