model,accuracy,f1,rocauc
DeepDeltaClassifier5,0.5686578743211792,0.5459989112683723,0.6059973927877859
