model,accuracy,f1,rocauc
DeepDeltaClassifier5,0.5976531330673551,0.5946853279114851,0.6430186498069272
