model,accuracy,f1,rocauc
DeepDeltaClassifier5,0.5230761661090336,0.5179770252125915,0.5382693620144365
