model,accuracy,f1,rocauc
DeepDeltaClassifier5,0.5766247659802086,0.5666575417465096,0.6154739244309555
