model,accuracy,f1,rocauc
DeepDeltaClassifier5,0.5636282923941994,0.5534299126747767,0.5909006420255248
