model,accuracy,f1,rocauc
DeepDeltaClassifier5,0.4892332719722591,0.48544443006857285,0.48705406417360325
