model,accuracy,f1,rocauc
DeepDeltaClassifier5,0.5577100259653237,0.5420803885010622,0.589145648532683
