model,accuracy,f1,rocauc
DeepDeltaClassifier5,0.5933365407745971,0.5745564363910909,0.6414937438673977
