model,accuracy,f1,rocauc
DeepDeltaClassifier5,0.5966369426751592,0.5871492646291854,0.6420059102977922
