model,accuracy,f1,rocauc
DeepDeltaClassifier5,0.5556250977937724,0.548489666136725,0.5878945496024589
