model,accuracy,f1,rocauc
DeepDeltaClassifier5,0.5005435964340074,0.49952792504902316,0.5065810510092511
