model,accuracy,f1,rocauc
DeepDeltaClassifier5,0.6278210915059499,0.6148619957537155,0.6881117224220545
