model,accuracy,f1,rocauc
DeepDeltaClassifier5,0.5142951305924034,0.510666555989043,0.5249916258426496
