model,accuracy,f1,rocauc
DeepDeltaClassifier5,0.6665774685576665,0.6462237365133446,0.7587668781998435
