model,accuracy,f1,rocauc
DeepDeltaClassifier5,0.5368763557483731,0.5305481388408984,0.547728761033357
