model,accuracy,f1,rocauc
DeepDeltaClassifier5,0.478706389438586,0.4726016126378147,0.46819944048343487
