model,accuracy,f1,rocauc
DeepDeltaClassifier5,0.5433912503878374,0.5352219432469563,0.5607003228691173
