model,accuracy,f1,rocauc
DeepDeltaClassifier5,0.6209821428571428,0.6138451742017649,0.6817113994762845
