model,accuracy,f1,rocauc
DeepDeltaClassifier5,0.5568275346053124,0.5550296747051311,0.5921908693346304
