model,accuracy,f1,rocauc
DeepDeltaClassifier5,0.6070237598999583,0.5829923697887869,0.6512348043355304
