model,accuracy,f1,rocauc
DeepDeltaClassifier5,0.524494970148033,0.5199801849405548,0.5326126341334183
