model,accuracy,f1,rocauc
DeepDeltaClassifier5,0.4665572942958102,0.46036001531980086,0.45963973602716285
