model,accuracy,f1,rocauc
DeepDeltaClassifier5,0.5419582664526484,0.5408675505213026,0.5652740235586069
