model,accuracy,f1,rocauc
DeepDeltaClassifier5,0.5540860551360529,0.5497202670998015,0.5852806061260348
