model,accuracy,f1,rocauc
DeepDeltaClassifier5,0.5001746419839329,0.48531351156935615,0.5090863545000388
