model,accuracy,f1,rocauc
DeepDeltaClassifier5,0.485280433127485,0.48170705737041614,0.4812081764621221
