model,accuracy,f1,rocauc
DeepDeltaClassifier5,0.6672973825291706,0.6512396694214876,0.7670965561856204
