model,accuracy,f1,rocauc
DeepDeltaClassifier5,0.5746955203596258,0.5706898826012398,0.6092345612359255
