model,accuracy,f1,rocauc
DeepDeltaClassifier5,0.6482180982098866,0.6457161759841218,0.7135991540479906
