model,accuracy,f1,rocauc
DeepDeltaClassifier5,0.5432098765432098,0.5321390937829295,0.5697591088589598
