model,accuracy,f1,rocauc
DeepDeltaClassifier5,0.5449351925793968,0.5446274895500369,0.5803830616731278
