model,accuracy,f1,rocauc
DeepDeltaClassifier5,0.6443357169740309,0.6424517593643586,0.7293574193812921
