model,accuracy,f1,rocauc
DeepDeltaClassifier5,0.5232092365692743,0.5093950781912959,0.5451221355725114
