model,accuracy,f1,rocauc
DeepDeltaClassifier5,0.5013927576601671,0.4971547936325002,0.4971454795477944
