model,accuracy,f1,rocauc
DeepDeltaClassifier5,0.5070352568405789,0.4993523227750583,0.5060487705801541
