model,accuracy,f1,rocauc
DeepDeltaClassifier5,0.5187592562119466,0.5035647598030895,0.5258638414426376
