model,accuracy,f1,rocauc
DeepDeltaClassifier5,0.5766037735849057,0.5731135066582118,0.6218806512984029
