model,accuracy,f1,rocauc
DeepDeltaClassifier5,0.5277714406050927,0.5266749925243178,0.5416865200109375
