model,accuracy,f1,rocauc
DeepDeltaClassifier5,0.527919863597613,0.523758331541604,0.5388440715977256
