model,accuracy,f1,rocauc
DeepDeltaClassifier5,0.499637067505444,0.4769853313100658,0.4940738792755286
