model,accuracy,f1,rocauc
DeepDeltaClassifier5,0.5084418311633767,0.4956911409858669,0.5109039662621155
