model,accuracy,f1,rocauc
DeepDeltaClassifier5,0.5735323383084577,0.5623851337553604,0.6131082632887981
