model,accuracy,f1,rocauc
DeepDeltaClassifier5,0.5055453883976804,0.4994754815525746,0.5069420091850235
