model,accuracy,f1,rocauc
DeepDeltaClassifier5,0.5799543118218161,0.5744865490309518,0.620660557800169
