model,accuracy,f1,rocauc
DeepDeltaClassifier5,0.5880802663214352,0.5822666103999625,0.643107021158148
