model,accuracy,f1,rocauc
DeepDeltaClassifier5,0.5299070684314278,0.5200264527444722,0.5417222398881902
