model,accuracy,f1,rocauc
DeepDeltaClassifier5,0.5263584752635847,0.5126564673157162,0.5353090706907433
