model,accuracy,f1,rocauc
DeepDeltaClassifier5,0.531928828730488,0.5257686352576865,0.5604673839317128
