model,accuracy,f1,rocauc
DeepDeltaClassifier5,0.5867684078036501,0.5540368452330418,0.6211304337227468
