model,accuracy,f1,rocauc
DeepDeltaClassifier5,0.7018550095592415,0.6965393920269276,0.8039390642439895
