model,accuracy,f1,rocauc
DeepDeltaClassifier5,0.5667231029706018,0.5640390274121109,0.5968327242838338
