model,accuracy,f1,rocauc
DeepDeltaClassifier5,0.5232,0.5128065395095368,0.5362718972677479
