model,accuracy,f1,rocauc
DeepDeltaClassifier5,0.49032038944865847,0.47766562246200256,0.4982080785758789
