model,accuracy,f1,rocauc
DeepDeltaClassifier5,0.5316279657802688,0.5239441446072133,0.5465257688707572
