model,accuracy,f1,rocauc
DeepDeltaClassifier5,0.5411434365494111,0.534388603086664,0.551410140876714
