model,accuracy,f1,rocauc
DeepDeltaClassifier5,0.5851818545163869,0.5837469293628114,0.6340912005367235
