model,accuracy,f1,rocauc
DeepDeltaClassifier5,0.5718771024893474,0.5287583312762282,0.6291192749382675
