model,accuracy,f1,rocauc
DeepDeltaClassifier5,0.5487838269520376,0.5441552753509601,0.5761719341457648
