model,accuracy,f1,rocauc
DeepDeltaClassifier5,0.49037190082644627,0.48429855739075894,0.48763525130105834
