model,accuracy,f1,rocauc
DeepDeltaClassifier5,0.53150826446281,0.5243214894453914,0.5476145669603374
