model,accuracy,f1,rocauc
DeepDeltaClassifier5,0.5348049932999507,0.5308677098150781,0.557786110131256
