model,accuracy,f1,rocauc
DeepDeltaClassifier5,0.6195394878416183,0.6074600355239786,0.6917541002870621
