model,accuracy,f1,rocauc
DeepDeltaClassifier5,0.5738528631020099,0.5668096178865707,0.6086858743745129
