model,accuracy,f1,rocauc
DeepDeltaClassifier5,0.5671881854072233,0.5312005068102629,0.6022075213277355
