model,accuracy,f1,rocauc
DeepDeltaClassifier5,0.5339882744414515,0.516044100707586,0.5575658156667443
