model,accuracy,f1,rocauc
DeepDeltaClassifier5,0.4972560975609756,0.4930313588850174,0.4976966846437252
